T,u,v
1000.00000000,0.44801143,0.35462481
1010.00000000,0.44568218,0.35482596
1020.10000000,0.44335468,0.35502538
1030.30100000,0.44102932,0.35522295
1040.60401000,0.43870647,0.35541858
1051.01005010,0.43638652,0.35561218
1061.52015060,0.43406982,0.35580363
1072.13535211,0.43175673,0.35599283
1082.85670563,0.42944762,0.35617969
1093.68527268,0.42714282,0.35636410
1104.62212541,0.42484268,0.35654595
1115.66834667,0.42254753,0.35672514
1126.82503013,0.42025771,0.35690156
1138.09328043,0.41797352,0.35707511
1149.47421324,0.41569529,0.35724569
1160.96895537,0.41342333,0.35741319
1172.57864492,0.41115793,0.35757750
1184.30443137,0.40889939,0.35773851
1196.14747569,0.40664801,0.35789613
1208.10895044,0.40440405,0.35805023
1220.19003995,0.40216780,0.35820072
1232.39194035,0.39993953,0.35834749
1244.71585975,0.39771949,0.35849044
1257.16301835,0.39550794,0.35862945
1269.73464853,0.39330514,0.35876442
1282.43199502,0.39111132,0.35889525
1295.25631497,0.38892672,0.35902184
1308.20887812,0.38675157,0.35914406
1321.29096690,0.38458609,0.35926184
1334.50387657,0.38243050,0.35937505
1347.84891533,0.38028502,0.35948360
1361.32740449,0.37814984,0.35958739
1374.94067853,0.37602517,0.35968631
1388.69008532,0.37391120,0.35978027
1402.57698617,0.37180811,0.35986917
1416.60275603,0.36971610,0.35995291
1430.76878359,0.36763533,0.36003139
1445.07647143,0.36556598,0.36010453
1459.52723614,0.36350820,0.36017222
1474.12250850,0.36146217,0.36023438
1488.86373359,0.35942802,0.36029092
1503.75237092,0.35740592,0.36034174
1518.78989463,0.35539600,0.36038677
1533.97779358,0.35339841,0.36042591
1549.31757152,0.35141327,0.36045909
1564.81074723,0.34944072,0.36048623
1580.45885470,0.34748087,0.36050724
1596.26344325,0.34553384,0.36052205
1612.22607768,0.34359976,0.36053059
1628.34833846,0.34167872,0.36053279
1644.63182184,0.33977083,0.36052857
1661.07814006,0.33787619,0.36051787
1677.68892146,0.33599489,0.36050063
1694.46581068,0.33412704,0.36047679
1711.41046878,0.33227270,0.36044629
1728.52457347,0.33043196,0.36040907
1745.80981921,0.32860491,0.36036508
1763.26791740,0.32679161,0.36031427
1780.90059657,0.32499214,0.36025659
1798.70960254,0.32320655,0.36019201
1816.69669856,0.32143491,0.36012047
1834.86366555,0.31967729,0.36004195
1853.21230221,0.31793372,0.35995641
1871.74442523,0.31620426,0.35986382
1890.46186948,0.31448897,0.35976415
1909.36648817,0.31278787,0.35965737
1928.46015306,0.31110101,0.35954348
1947.74475459,0.30942843,0.35942244
1967.22220213,0.30777015,0.35929424
1986.89442415,0.30612620,0.35915888
2006.76336840,0.30449662,0.35901634
2026.83100208,0.30288141,0.35886663
2047.09931210,0.30128061,0.35870973
2067.57030522,0.29969421,0.35854567
2088.24600827,0.29812225,0.35837443
2109.12846836,0.29656471,0.35819604
2130.21975304,0.29502162,0.35801050
2151.52195057,0.29349296,0.35781783
2173.03717008,0.29197875,0.35761805
2194.76754178,0.29047898,0.35741119
2216.71521719,0.28899363,0.35719727
2238.88236937,0.28752271,0.35697632
2261.27119306,0.28606619,0.35674838
2283.88390499,0.28462407,0.35651347
2306.72274404,0.28319633,0.35627166
2329.78997148,0.28178294,0.35602296
2353.08787120,0.28038388,0.35576744
2376.61874991,0.27899913,0.35550514
2400.38493741,0.27762865,0.35523611
2424.38878678,0.27627243,0.35496040
2448.63267465,0.27493041,0.35467809
2473.11900139,0.27360257,0.35438922
2497.85019141,0.27228887,0.35409387
2522.82869332,0.27098927,0.35379209
2548.05698026,0.26970372,0.35348397
2573.53755006,0.26843218,0.35316956
2599.27292556,0.26717460,0.35284895
2625.26565481,0.26593094,0.35252221
2651.51831136,0.26470113,0.35218942
2678.03349448,0.26348513,0.35185067
2704.81382942,0.26228288,0.35150603
2731.86196772,0.26109433,0.35115560
2759.18058739,0.25991940,0.35079946
2786.77239327,0.25875805,0.35043770
2814.64011720,0.25761020,0.35007042
2842.78651837,0.25647579,0.34969771
2871.21438356,0.25535476,0.34931967
2899.92652739,0.25424703,0.34893639
2928.92579266,0.25315254,0.34854797
2958.21505059,0.25207121,0.34815452
2987.79720110,0.25100297,0.34775613
3017.67517311,0.24994774,0.34735292
3047.85192484,0.24890544,0.34694498
3078.33044409,0.24787601,0.34653242
3109.11374853,0.24685935,0.34611536
3140.20488601,0.24585539,0.34569389
3171.60693487,0.24486404,0.34526813
3203.32300422,0.24388523,0.34483820
3235.35623426,0.24291886,0.34440419
3267.70979661,0.24196485,0.34396622
3300.38689457,0.24102312,0.34352442
3333.39076352,0.24009357,0.34307888
3366.72467115,0.23917611,0.34262972
3400.39191787,0.23827067,0.34217707
3434.39583704,0.23737714,0.34172102
3468.73979542,0.23649543,0.34126171
3503.42719337,0.23562546,0.34079923
3538.46146530,0.23476712,0.34033372
3573.84607996,0.23392032,0.33986528
3609.58454076,0.23308498,0.33939403
3645.68038616,0.23226098,0.33892009
3682.13719002,0.23144824,0.33844357
3718.95856193,0.23064666,0.33796458
3756.14814754,0.22985614,0.33748325
3793.70962902,0.22907659,0.33699969
3831.64672531,0.22830790,0.33651401
3869.96319256,0.22754997,0.33602632
3908.66282449,0.22680271,0.33553675
3947.74945273,0.22606602,0.33504539
3987.22694726,0.22533979,0.33455238
4027.09921673,0.22462393,0.33405781
4067.37020890,0.22391834,0.33356180
4108.04391099,0.22322291,0.33306446
4149.12435010,0.22253754,0.33256591
4190.61559360,0.22186213,0.33206624
4232.52174954,0.22119659,0.33156557
4274.84696703,0.22054080,0.33106400
4317.59543670,0.21989467,0.33056165
4360.77139107,0.21925809,0.33005861
4404.37910498,0.21863097,0.32955500
4448.42289603,0.21801319,0.32905091
4492.90712499,0.21740467,0.32854645
4537.83619624,0.21680530,0.32804172
4583.21455820,0.21621497,0.32753682
4629.04670378,0.21563358,0.32703184
4675.33717082,0.21506104,0.32652689
4722.09054253,0.21449724,0.32602207
4769.31144796,0.21394208,0.32551746
4817.00456244,0.21339546,0.32501316
4865.17460806,0.21285728,0.32450926
4913.82635414,0.21232744,0.32400586
4962.96461768,0.21180584,0.32350305
5012.59426386,0.21129238,0.32300091
5062.72020650,0.21078696,0.32249952
5113.34740856,0.21028947,0.32199899
5164.48088265,0.20979983,0.32149938
5216.12569147,0.20931793,0.32100078
5268.28694839,0.20884368,0.32050328
5320.96981787,0.20837697,0.32000695
5374.17951605,0.20791772,0.31951186
5427.92131121,0.20746581,0.31901811
5482.20052432,0.20702117,0.31852575
5537.02252957,0.20658369,0.31803488
5592.39275486,0.20615327,0.31754554
5648.31668241,0.20572983,0.31705782
5704.79984924,0.20531326,0.31657179
5761.84784773,0.20490348,0.31608751
5819.46632621,0.20450039,0.31560504
5877.66098947,0.20410390,0.31512446
5936.43759936,0.20371392,0.31464581
5995.80197536,0.20333035,0.31416917
6055.75999511,0.20295311,0.31369459
6116.31759506,0.20258210,0.31322213
6177.48077101,0.20221724,0.31275184
6239.25557872,0.20185844,0.31228378
6301.64813451,0.20150561,0.31181800
6364.66461585,0.20115866,0.31135455
6428.31126201,0.20081751,0.31089348
6492.59437463,0.20048207,0.31043483
6557.52031838,0.20015226,0.30997866
6623.09552156,0.19982798,0.30952500
6689.32647678,0.19950917,0.30907390
6756.21974155,0.19919573,0.30862541
6823.78193896,0.19888759,0.30817955
6892.01975835,0.19858465,0.30773636
6960.93995593,0.19828685,0.30729589
7030.54935549,0.19799410,0.30685817
7100.85484905,0.19770633,0.30642323
7171.86339754,0.19742345,0.30599110
7243.58203151,0.19714539,0.30556182
7316.01785183,0.19687207,0.30513540
7389.17803035,0.19660342,0.30471189
7463.06981065,0.19633936,0.30429130
7537.70050876,0.19607982,0.30387366
7613.07751385,0.19582472,0.30345899
7689.20828898,0.19557400,0.30304731
7766.10037187,0.19532758,0.30263865
7843.76137559,0.19508539,0.30223302
7922.19898935,0.19484736,0.30183044
8001.42097924,0.19461342,0.30143092
8081.43518903,0.19438351,0.30103449
8162.24954093,0.19415755,0.30064115
8243.87203633,0.19393549,0.30025092
8326.31075670,0.19371725,0.29986380
8409.57386426,0.19350277,0.29947982
8493.66960291,0.19329199,0.29909897
8578.60629894,0.19308485,0.29872126
8664.39236193,0.19288127,0.29834671
8751.03628554,0.19268121,0.29797531
8838.54664840,0.19248460,0.29760707
8926.93211488,0.19229138,0.29724199
9016.20143603,0.19210150,0.29688008
9106.36345039,0.19191488,0.29652134
9197.42708490,0.19173149,0.29616576
9289.40135575,0.19155126,0.29581335
9382.29536930,0.19137413,0.29546411
9476.11832300,0.19120006,0.29511802
9570.87950623,0.19102899,0.29477509
9666.58830129,0.19086086,0.29443532
9763.25418430,0.19069562,0.29409869
9860.88672615,0.19053323,0.29376521
9959.49559341,0.19037362,0.29343486
10059.09054934,0.19021676,0.29310763
10159.68145483,0.19006259,0.29278353
10261.27826938,0.18991107,0.29246253
10363.89105208,0.18976214,0.29214463
10467.52996260,0.18961577,0.29182983
10572.20526222,0.18947190,0.29151810
10677.92731485,0.18933049,0.29120943
10784.70658799,0.18919149,0.29090382
10892.55365387,0.18905487,0.29060125
11001.47919041,0.18892057,0.29030170
11111.49398232,0.18878856,0.29000517
11222.60892214,0.18865880,0.28971164
11334.83501136,0.18853124,0.28942108
11448.18336147,0.18840585,0.28913350
11562.66519509,0.18828258,0.28884886
11678.29184704,0.18816139,0.28856716
11795.07476551,0.18804226,0.28828838
11913.02551317,0.18792513,0.28801249
12032.15576830,0.18780998,0.28773949
12152.47732598,0.18769677,0.28746935
12274.00209924,0.18758545,0.28720205
12396.74212023,0.18747601,0.28693758
12520.70954143,0.18736840,0.28667592
12645.91663685,0.18726259,0.28641705
12772.37580322,0.18715855,0.28616094
12900.09956125,0.18705624,0.28590759
13029.10055686,0.18695563,0.28565696
13159.39156243,0.18685669,0.28540903
13290.98547806,0.18675940,0.28516380
13423.89533284,0.18666372,0.28492123
13558.13428616,0.18656961,0.28468130
13693.71562903,0.18647706,0.28444400
13830.65278532,0.18638604,0.28420930
13968.95931317,0.18629650,0.28397719
14108.64890630,0.18620844,0.28374763
14249.73539536,0.18612182,0.28352061
14392.23274932,0.18603661,0.28329610
14536.15507681,0.18595280,0.28307410
14681.51662758,0.18587034,0.28285456
14828.33179385,0.18578923,0.28263747
14976.61511179,0.18570943,0.28242281
15126.38126291,0.18563092,0.28221056
15277.64507554,0.18555368,0.28200069
15430.42152630,0.18547768,0.28179319
15584.72574156,0.18540290,0.28158802
15740.57299897,0.18532932,0.28138517
15897.97872896,0.18525692,0.28118462
16056.95851625,0.18518567,0.28098634
16217.52810142,0.18511556,0.28079031
16379.70338243,0.18504656,0.28059652
16543.50041625,0.18497866,0.28040493
16708.93542042,0.18491183,0.28021552
16876.02477462,0.18484605,0.28002828
17044.78502237,0.18478131,0.27984318
17215.23287259,0.18471759,0.27966020
17387.38520132,0.18465487,0.27947931
17561.25905333,0.18459313,0.27930051
17736.87164386,0.18453235,0.27912375
17914.24036030,0.18447251,0.27894904
18093.38276391,0.18441361,0.27877633
18274.31659154,0.18435562,0.27860562
18457.05975746,0.18429852,0.27843687
18641.63035503,0.18424231,0.27827007
18828.04665858,0.18418696,0.27810521
19016.32712517,0.18413246,0.27794224
19206.49039642,0.18407879,0.27778117
19398.55530039,0.18402594,0.27762196
19592.54085339,0.18397390,0.27746459
19788.46626192,0.18392265,0.27730905
19986.35092454,0.18387217,0.27715532
20186.21443379,0.18382246,0.27700337
20388.07657813,0.18377350,0.27685319
20591.95734391,0.18372527,0.27670475
20797.87691735,0.18367777,0.27655803
21005.85568652,0.18363098,0.27641303
21215.91424339,0.18358489,0.27626971
21428.07338582,0.18353949,0.27612805
21642.35411968,0.18349476,0.27598805
21858.77766087,0.18345069,0.27584968
22077.36543748,0.18340727,0.27571292
22298.13909186,0.18336450,0.27557775
22521.12048278,0.18332235,0.27544416
22746.33168760,0.18328083,0.27531212
22973.79500448,0.18323991,0.27518162
23203.53295453,0.18319959,0.27505264
23435.56828407,0.18315986,0.27492517
23669.92396691,0.18312070,0.27479918
23906.62320658,0.18308211,0.27467466
24145.68943865,0.18304408,0.27455159
24387.14633303,0.18300660,0.27442996
24631.01779636,0.18296966,0.27430974
24877.32797433,0.18293325,0.27419092
25126.10125407,0.18289736,0.27407349
25377.36226661,0.18286198,0.27395743
25631.13588928,0.18282711,0.27384271
25887.44724817,0.18279273,0.27372933
26146.32172065,0.18275884,0.27361728
26407.78493786,0.18272543,0.27350652
26671.86278724,0.18269249,0.27339706
26938.58141511,0.18266002,0.27328886
27207.96722926,0.18262800,0.27318193
27480.04690155,0.18259643,0.27307624
27754.84737057,0.18256530,0.27297177
28032.39584427,0.18253460,0.27286852
28312.71980272,0.18250433,0.27276647
28595.84700074,0.18247449,0.27266560
28881.80547075,0.18244505,0.27256591
29170.62352546,0.18241602,0.27246737
29462.32976071,0.18238740,0.27236997
29756.95305832,0.18235916,0.27227370
30054.52258890,0.18233131,0.27217854
30355.06781479,0.18230385,0.27208449
30658.61849294,0.18227676,0.27199152
30965.20467787,0.18225003,0.27189963
31274.85672465,0.18222367,0.27180881
31587.60529190,0.18219767,0.27171903
31903.48134481,0.18217202,0.27163028
32222.51615826,0.18214672,0.27154257
32544.74131984,0.18212175,0.27145586
32870.18873304,0.18209712,0.27137015
33198.89062037,0.18207282,0.27128543
33530.87952658,0.18204885,0.27120169
33866.18832184,0.18202520,0.27111891
34204.85020506,0.18200186,0.27103708
34546.89870711,0.18197883,0.27095619
34892.36769418,0.18195611,0.27087623
35241.29137113,0.18193368,0.27079719
35593.70428484,0.18191156,0.27071905
35949.64132768,0.18188972,0.27064182
36309.13774096,0.18186817,0.27056546
36672.22911837,0.18184690,0.27048998
37038.95140956,0.18182591,0.27041536
37409.34092365,0.18180520,0.27034160
37783.43433289,0.18178475,0.27026868
38161.26867622,0.18176458,0.27019659
38542.88136298,0.18174466,0.27012532
38928.31017661,0.18172500,0.27005487
39317.59327837,0.18170559,0.26998522
39710.76921116,0.18168644,0.26991636
40107.87690327,0.18166753,0.26984829
40508.95567230,0.18164886,0.26978099
40914.04522903,0.18163043,0.26971445
41323.18568132,0.18161224,0.26964867
41736.41753813,0.18159428,0.26958364
42153.78171351,0.18157655,0.26951934
42575.31953064,0.18155904,0.26945577
43001.07272595,0.18154176,0.26939292
43431.08345321,0.18152469,0.26933078
43865.39428774,0.18150784,0.26926934
44304.04823062,0.18149120,0.26920860
44747.08871293,0.18147477,0.26914855
45194.55960006,0.18145855,0.26908917
45646.50519606,0.18144253,0.26903046
46102.97024802,0.18142671,0.26897241
46563.99995050,0.18141109,0.26891501
47029.63995000,0.18139567,0.26885826
47499.93634950,0.18138043,0.26880215
47974.93571300,0.18136539,0.26874666
48454.68507013,0.18135053,0.26869180
48939.23192083,0.18133585,0.26863755
49428.62424004,0.18132136,0.26858392
49922.91048244,0.18130704,0.26853088
50422.13958726,0.18129290,0.26847843
50926.36098313,0.18127894,0.26842657
51435.62459297,0.18126514,0.26837529
51949.98083890,0.18125152,0.26832458
52469.48064728,0.18123806,0.26827444
52994.17545376,0.18122476,0.26822486
53524.11720829,0.18121163,0.26817583
54059.35838038,0.18119865,0.26812734
54599.95196418,0.18118584,0.26807939
55145.95148382,0.18117317,0.26803198
55697.41099866,0.18116066,0.26798509
56254.38510865,0.18114831,0.26793872
56816.92895973,0.18113610,0.26789286
57385.09824933,0.18112404,0.26784752
57958.94923182,0.18111212,0.26780267
58538.53872414,0.18110034,0.26775832
59123.92411138,0.18108871,0.26771446
59715.16335250,0.18107722,0.26767108
60312.31498602,0.18106586,0.26762819
60915.43813588,0.18105464,0.26758576
61524.59251724,0.18104355,0.26754381
62139.83844241,0.18103259,0.26750231
62761.23682684,0.18102176,0.26746127
63388.84919511,0.18101106,0.26742068
64022.73768706,0.18100049,0.26738054
64662.96506393,0.18099004,0.26734084
65309.59471457,0.18097972,0.26730157
65962.69066171,0.18096951,0.26726274
66622.31756833,0.18095943,0.26722433
67288.54074401,0.18094947,0.26718634
67961.42615145,0.18093962,0.26714876
68641.04041297,0.18092988,0.26711160
69327.45081710,0.18092026,0.26707484
70020.72532527,0.18091076,0.26703848
70720.93257852,0.18090136,0.26700252
71428.14190431,0.18089207,0.26696695
72142.42332335,0.18088289,0.26693177
72863.84755658,0.18087382,0.26689697
73592.48603215,0.18086485,0.26686255
74328.41089247,0.18085598,0.26682850
75071.69500140,0.18084722,0.26679482
75822.41195141,0.18083856,0.26676151
76580.63607092,0.18083000,0.26672856
77346.44243163,0.18082154,0.26669596
78119.90685595,0.18081317,0.26666372
78901.10592451,0.18080490,0.26663183
79690.11698375,0.18079672,0.26660028
80487.01815359,0.18078864,0.26656908
81291.88833513,0.18078065,0.26653821
82104.80721848,0.18077275,0.26650767
82925.85529066,0.18076495,0.26647746
83755.11384357,0.18075723,0.26644758
84592.66498201,0.18074959,0.26641802
85438.59163183,0.18074205,0.26638878
86292.97754815,0.18073459,0.26635985
87155.90732363,0.18072721,0.26633123
88027.46639686,0.18071992,0.26630292
88907.74106083,0.18071271,0.26627492
89796.81847144,0.18070559,0.26624721
90694.78665615,0.18069854,0.26621980
91601.73452272,0.18069157,0.26619269
92517.75186794,0.18068468,0.26616587
93442.92938662,0.18067787,0.26613933
94377.35868049,0.18067113,0.26611308
95321.13226729,0.18066447,0.26608710
96274.34358997,0.18065789,0.26606141
97237.08702587,0.18065137,0.26603599
98209.45789612,0.18064493,0.26601084
99191.55247509,0.18063857,0.26598595
100183.46799984,0.18063227,0.26596134
101185.30267984,0.18062604,0.26593698
102197.15570663,0.18061988,0.26591289
103219.12726370,0.18061380,0.26588905
104251.31853634,0.18060777,0.26586546
105293.83172170,0.18060182,0.26584212
106346.77003892,0.18059593,0.26581904
107410.23773931,0.18059011,0.26579619
108484.34011670,0.18058435,0.26577359
109569.18351787,0.18057865,0.26575123
110664.87535305,0.18057302,0.26572911
111771.52410658,0.18056745,0.26570722
112889.23934764,0.18056194,0.26568556
114018.13174112,0.18055649,0.26566413
115158.31305853,0.18055110,0.26564293
116309.89618911,0.18054577,0.26562195
117472.99515101,0.18054050,0.26560119
118647.72510252,0.18053529,0.26558065
119834.20235354,0.18053013,0.26556033
121032.54437708,0.18052503,0.26554022
122242.86982085,0.18051999,0.26552032
123465.29851906,0.18051500,0.26550064
124699.95150425,0.18051006,0.26548116
125946.95101929,0.18050518,0.26546188
127206.42052948,0.18050035,0.26544281
128478.48473478,0.18049558,0.26542394
129763.26958212,0.18049085,0.26540527
131060.90227794,0.18048618,0.26538679
132371.51130072,0.18048156,0.26536851
133695.22641373,0.18047699,0.26535041
135032.17867787,0.18047247,0.26533251
136382.50046465,0.18046799,0.26531480
137746.32546929,0.18046357,0.26529727
139123.78872399,0.18045919,0.26527992
140515.02661123,0.18045486,0.26526276
141920.17687734,0.18045058,0.26524577
143339.37864611,0.18044634,0.26522897
144772.77243257,0.18044215,0.26521233
146220.50015690,0.18043800,0.26519588
147682.70515847,0.18043390,0.26517959
149159.53221005,0.18042984,0.26516347
150651.12753215,0.18042583,0.26514752
152157.63880748,0.18042186,0.26513174
153679.21519555,0.18041793,0.26511612
155216.00734751,0.18041405,0.26510067
156768.16742098,0.18041020,0.26508537
158335.84909519,0.18040640,0.26507024
159919.20758614,0.18040263,0.26505526
161518.39966200,0.18039891,0.26504044
163133.58365862,0.18039523,0.26502577
164764.91949521,0.18039159,0.26501125
166412.56869016,0.18038798,0.26499689
168076.69437706,0.18038441,0.26498267
169757.46132083,0.18038089,0.26496860
171455.03593404,0.18037739,0.26495468
173169.58629338,0.18037394,0.26494090
174901.28215632,0.18037052,0.26492727
176650.29497788,0.18036714,0.26491377
178416.79792766,0.18036380,0.26490042
180200.96590694,0.18036049,0.26488720
182002.97556600,0.18035721,0.26487412
183823.00532166,0.18035397,0.26486117
185661.23537488,0.18035077,0.26484836
187517.84772863,0.18034760,0.26483568
189393.02620592,0.18034446,0.26482314
191286.95646798,0.18034135,0.26481072
193199.82603266,0.18033828,0.26479843
195131.82429298,0.18033524,0.26478626
197083.14253591,0.18033223,0.26477423
199053.97396127,0.18032926,0.26476231
201044.51370088,0.18032631,0.26475052
203054.95883789,0.18032340,0.26473885
205085.50842627,0.18032052,0.26472730
207136.36351053,0.18031766,0.26471587
209207.72714564,0.18031484,0.26470456
211299.80441710,0.18031205,0.26469336
213412.80246127,0.18030928,0.26468228
215546.93048588,0.18030655,0.26467131
217702.39979074,0.18030384,0.26466046
219879.42378865,0.18030116,0.26464971
222078.21802653,0.18029851,0.26463908
224299.00020680,0.18029589,0.26462856
226541.99020887,0.18029330,0.26461814
228807.41011095,0.18029073,0.26460783
231095.48421206,0.18028819,0.26459763
233406.43905418,0.18028568,0.26458753
235740.50344473,0.18028319,0.26457753
238097.90847917,0.18028073,0.26456764
240478.88756397,0.18027829,0.26455785
242883.67643960,0.18027588,0.26454816
245312.51320400,0.18027349,0.26453856
247765.63833604,0.18027113,0.26452907
250243.29471940,0.18026879,0.26451967
252745.72766660,0.18026648,0.26451037
255273.18494326,0.18026419,0.26450117
257825.91679269,0.18026193,0.26449205
260404.17596062,0.18025969,0.26448304
263008.21772023,0.18025747,0.26447411
265638.29989743,0.18025528,0.26446527
268294.68289640,0.18025311,0.26445653
270977.62972537,0.18025096,0.26444787
273687.40602262,0.18024883,0.26443931
276424.28008285,0.18024672,0.26443082
279188.52288368,0.18024464,0.26442243
281980.40811251,0.18024258,0.26441412
284800.21219364,0.18024054,0.26440590
287648.21431557,0.18023852,0.26439776
290524.69645873,0.18023652,0.26438970
293429.94342332,0.18023454,0.26438173
296364.24285755,0.18023259,0.26437383
299327.88528613,0.18023065,0.26436602
302321.16413899,0.18022873,0.26435829
305344.37578038,0.18022684,0.26435063
308397.81953818,0.18022496,0.26434305
311481.79773356,0.18022310,0.26433555
314596.61571090,0.18022126,0.26432813
317742.58186801,0.18021944,0.26432078
320920.00768669,0.18021764,0.26431351
324129.20776355,0.18021586,0.26430631
327370.49984119,0.18021409,0.26429918
330644.20483960,0.18021234,0.26429213
333950.64688800,0.18021062,0.26428514
337290.15335688,0.18020891,0.26427823
340663.05489045,0.18020721,0.26427139
344069.68543935,0.18020554,0.26426462
347510.38229374,0.18020388,0.26425791
350985.48611668,0.18020224,0.26425128
354495.34097785,0.18020061,0.26424471
358040.29438763,0.18019900,0.26423821
361620.69733150,0.18019741,0.26423177
365236.90430482,0.18019584,0.26422540
368889.27334787,0.18019428,0.26421909
372578.16608135,0.18019273,0.26421285
376303.94774216,0.18019121,0.26420667
380066.98721958,0.18018970,0.26420055
383867.65709178,0.18018820,0.26419450
387706.33366269,0.18018672,0.26418850
391583.39699932,0.18018525,0.26418257
395499.23096931,0.18018380,0.26417670
399454.22327901,0.18018237,0.26417088
403448.76551180,0.18018094,0.26416513
407483.25316692,0.18017954,0.26415943
411558.08569858,0.18017815,0.26415379
415673.66655557,0.18017677,0.26414821
419830.40322113,0.18017540,0.26414268
424028.70725334,0.18017405,0.26413721
428268.99432587,0.18017272,0.26413180
432551.68426913,0.18017139,0.26412644
436877.20111182,0.18017008,0.26412113
441245.97312294,0.18016879,0.26411588
445658.43285417,0.18016750,0.26411068
450115.01718271,0.18016624,0.26410553
454616.16735454,0.18016498,0.26410044
459162.32902808,0.18016373,0.26409539
463753.95231836,0.18016250,0.26409040
468391.49184155,0.18016128,0.26408546
473075.40675996,0.18016008,0.26408057
477806.16082756,0.18015888,0.26407572
482584.22243584,0.18015770,0.26407093
487410.06466020,0.18015653,0.26406618
492284.16530680,0.18015537,0.26406148
497207.00695987,0.18015423,0.26405683
502179.07702946,0.18015309,0.26405223
507200.86779976,0.18015197,0.26404767
512272.87647776,0.18015086,0.26404316
517395.60524253,0.18014976,0.26403869
522569.56129496,0.18014867,0.26403427
527795.25690791,0.18014759,0.26402989
533073.20947699,0.18014652,0.26402556
538403.94157176,0.18014546,0.26402127
543787.98098748,0.18014442,0.26401702
549225.86079735,0.18014338,0.26401282
554718.11940532,0.18014236,0.26400865
560265.30059938,0.18014134,0.26400453
565867.95360537,0.18014034,0.26400046
571526.63314143,0.18013935,0.26399642
577241.89947284,0.18013836,0.26399242
583014.31846757,0.18013739,0.26398846
588844.46165224,0.18013642,0.26398455
594732.90626877,0.18013547,0.26398067
600680.23533145,0.18013452,0.26397683
606687.03768477,0.18013359,0.26397303
612753.90806162,0.18013266,0.26396927
618881.44714223,0.18013175,0.26396554
625070.26161365,0.18013084,0.26396186
631320.96422979,0.18012994,0.26395821
637634.17387209,0.18012905,0.26395459
644010.51561081,0.18012817,0.26395102
650450.62076692,0.18012730,0.26394748
656955.12697459,0.18012644,0.26394397
663524.67824433,0.18012559,0.26394050
670159.92502678,0.18012474,0.26393706
676861.52427704,0.18012391,0.26393366
683630.13951981,0.18012308,0.26393030
690466.44091501,0.18012226,0.26392696
697371.10532416,0.18012145,0.26392366
704344.81637740,0.18012064,0.26392040
711388.26454118,0.18011985,0.26391716
718502.14718659,0.18011906,0.26391396
725687.16865846,0.18011828,0.26391079
732944.04034504,0.18011751,0.26390765
740273.48074849,0.18011675,0.26390455
747676.21555598,0.18011599,0.26390147
755152.97771154,0.18011524,0.26389843
762704.50748865,0.18011450,0.26389541
770331.55256354,0.18011377,0.26389243
778034.86808917,0.18011304,0.26388947
785815.21677007,0.18011233,0.26388655
793673.36893777,0.18011161,0.26388365
801610.10262714,0.18011091,0.26388079
809626.20365341,0.18011021,0.26387795
817722.46568995,0.18010952,0.26387514
825899.69034685,0.18010884,0.26387236
834158.68725032,0.18010816,0.26386961
842500.27412282,0.18010749,0.26386688
850925.27686405,0.18010683,0.26386418
859434.52963269,0.18010618,0.26386151
868028.87492902,0.18010553,0.26385887
876709.16367831,0.18010488,0.26385625
885476.25531509,0.18010425,0.26385366
894331.01786824,0.18010362,0.26385109
903274.32804692,0.18010299,0.26384855
912307.07132739,0.18010238,0.26384603
921430.14204067,0.18010176,0.26384354
930644.44346107,0.18010116,0.26384108
939950.88789568,0.18010056,0.26383864
949350.39677464,0.18009997,0.26383622
958843.90074239,0.18009938,0.26383383
968432.33974981,0.18009880,0.26383146
978116.66314731,0.18009822,0.26382912
987897.82977878,0.18009765,0.26382680
997776.80807657,0.18009709,0.26382450
1007754.57615733,0.18009653,0.26382222
1017832.12191891,0.18009598,0.26381997
1028010.44313810,0.18009543,0.26381774
1038290.54756948,0.18009489,0.26381553
1048673.45304517,0.18009435,0.26381335
1059160.18757562,0.18009382,0.26381119
1069751.78945138,0.18009330,0.26380904
1080449.30734589,0.18009278,0.26380692
1091253.80041935,0.18009226,0.26380482
1102166.33842355,0.18009175,0.26380274
1113188.00180778,0.18009125,0.26380069
1124319.88182586,0.18009075,0.26379865
1135563.08064412,0.18009025,0.26379663
1146918.71145056,0.18008976,0.26379464
1158387.89856507,0.18008928,0.26379266
1169971.77755072,0.18008880,0.26379070
1181671.49532622,0.18008832,0.26378876
1193488.21027949,0.18008785,0.26378685
1205423.09238228,0.18008739,0.26378495
1217477.32330610,0.18008693,0.26378307
1229652.09653916,0.18008647,0.26378120
1241948.61750456,0.18008602,0.26377936
1254368.10367960,0.18008557,0.26377754
1266911.78471640,0.18008513,0.26377573
1279580.90256356,0.18008469,0.26377394
1292376.71158920,0.18008425,0.26377217
1305300.47870509,0.18008383,0.26377042
1318353.48349214,0.18008340,0.26376868
1331537.01832706,0.18008298,0.26376697
1344852.38851033,0.18008256,0.26376526
1358300.91239544,0.18008215,0.26376358
1371883.92151939,0.18008174,0.26376191
1385602.76073458,0.18008134,0.26376026
1399458.78834193,0.18008093,0.26375863
1413453.37622535,0.18008054,0.26375701
1427587.90998760,0.18008015,0.26375541
1441863.78908748,0.18007976,0.26375382
1456282.42697835,0.18007937,0.26375225
1470845.25124814,0.18007899,0.26375070
1485553.70376062,0.18007861,0.26374916
1500409.24079823,0.18007824,0.26374763
1515413.33320621,0.18007787,0.26374613
1530567.46653827,0.18007750,0.26374463
1545873.14120365,0.18007714,0.26374315
1561331.87261569,0.18007678,0.26374169
1576945.19134185,0.18007643,0.26374024
1592714.64325526,0.18007608,0.26373881
1608641.78968782,0.18007573,0.26373739
1624728.20758469,0.18007538,0.26373598
1640975.48966054,0.18007504,0.26373459
1657385.24455715,0.18007471,0.26373321
1673959.09700272,0.18007437,0.26373184
1690698.68797275,0.18007404,0.26373049
1707605.67485247,0.18007371,0.26372915
1724681.73160100,0.18007339,0.26372783
1741928.54891701,0.18007307,0.26372652
1759347.83440618,0.18007275,0.26372522
1776941.31275024,0.18007243,0.26372393
1794710.72587774,0.18007212,0.26372266
1812657.83313652,0.18007181,0.26372140
1830784.41146789,0.18007151,0.26372015
1849092.25558256,0.18007121,0.26371892
1867583.17813839,0.18007091,0.26371770
1886259.00991977,0.18007061,0.26371649
1905121.60001897,0.18007032,0.26371529
1924172.81601916,0.18007003,0.26371410
1943414.54417935,0.18006974,0.26371293
1962848.68962115,0.18006945,0.26371176
1982477.17651736,0.18006917,0.26371061
2002301.94828253,0.18006889,0.26370947
2022324.96776536,0.18006862,0.26370834
2042548.21744301,0.18006834,0.26370722
2062973.69961744,0.18006807,0.26370612
2083603.43661362,0.18006780,0.26370502
2104439.47097975,0.18006754,0.26370394
2125483.86568955,0.18006727,0.26370286
2146738.70434644,0.18006701,0.26370180
2168206.09138991,0.18006676,0.26370075
2189888.15230381,0.18006650,0.26369971
2211787.03382685,0.18006625,0.26369868
2233904.90416511,0.18006600,0.26369765
2256243.95320677,0.18006575,0.26369664
2278806.39273883,0.18006551,0.26369564
2301594.45666622,0.18006526,0.26369465
2324610.40123288,0.18006502,0.26369367
2347856.50524521,0.18006478,0.26369270
2371335.07029766,0.18006455,0.26369174
2395048.42100064,0.18006432,0.26369078
2418998.90521065,0.18006409,0.26368984
2443188.89426275,0.18006386,0.26368891
2467620.78320538,0.18006363,0.26368798
2492296.99103744,0.18006341,0.26368707
2517219.96094781,0.18006318,0.26368616
2542392.16055729,0.18006296,0.26368526
2567816.08216286,0.18006275,0.26368438
2593494.24298449,0.18006253,0.26368350
2619429.18541433,0.18006232,0.26368263
2645623.47726848,0.18006211,0.26368176
2672079.71204116,0.18006190,0.26368091
2698800.50916157,0.18006169,0.26368006
2725788.51425319,0.18006149,0.26367923
2753046.39939572,0.18006129,0.26367840
2780576.86338968,0.18006108,0.26367758
2808382.63202358,0.18006089,0.26367677
2836466.45834381,0.18006069,0.26367596
2864831.12292725,0.18006049,0.26367517
2893479.43415652,0.18006030,0.26367438
2922414.22849809,0.18006011,0.26367360
2951638.37078307,0.18005992,0.26367283
2981154.75449090,0.18005973,0.26367206
3010966.30203581,0.18005955,0.26367131
3041075.96505617,0.18005937,0.26367056
3071486.72470673,0.18005918,0.26366982
3102201.59195380,0.18005900,0.26366908
3133223.60787333,0.18005883,0.26366835
3164555.84395207,0.18005865,0.26366763
3196201.40239159,0.18005848,0.26366692
3228163.41641550,0.18005830,0.26366621
3260445.05057966,0.18005813,0.26366551
3293049.50108546,0.18005796,0.26366482
3325979.99609631,0.18005779,0.26366414
3359239.79605727,0.18005763,0.26366346
3392832.19401785,0.18005746,0.26366279
3426760.51595803,0.18005730,0.26366212
3461028.12111761,0.18005714,0.26366146
3495638.40232878,0.18005698,0.26366081
3530594.78635207,0.18005682,0.26366017
3565900.73421559,0.18005667,0.26365953
3601559.74155775,0.18005651,0.26365890
3637575.33897332,0.18005636,0.26365827
3673951.09236306,0.18005621,0.26365765
3710690.60328669,0.18005606,0.26365703
3747797.50931955,0.18005591,0.26365643
3785275.48441275,0.18005576,0.26365582
3823128.23925688,0.18005562,0.26365523
3861359.52164945,0.18005547,0.26365464
3899973.11686594,0.18005533,0.26365406
3938972.84803460,0.18005519,0.26365348
3978362.57651495,0.18005505,0.26365290
4018146.20228010,0.18005491,0.26365234
4058327.66430290,0.18005477,0.26365178
4098910.94094593,0.18005463,0.26365122
4139900.05035539,0.18005450,0.26365067
4181299.05085894,0.18005437,0.26365013
4223112.04136753,0.18005423,0.26364959
4265343.16178120,0.18005410,0.26364905
4307996.59339902,0.18005397,0.26364852
4351076.55933300,0.18005385,0.26364800
4394587.32492634,0.18005372,0.26364748
4438533.19817560,0.18005359,0.26364697
4482918.53015735,0.18005347,0.26364646
4527747.71545893,0.18005335,0.26364596
4573025.19261352,0.18005323,0.26364546
4618755.44453965,0.18005311,0.26364497
4664942.99898505,0.18005299,0.26364448
4711592.42897490,0.18005287,0.26364400
4758708.35326465,0.18005275,0.26364352
4806295.43679729,0.18005263,0.26364304
4854358.39116527,0.18005252,0.26364257
4902901.97507692,0.18005241,0.26364211
4951930.99482769,0.18005229,0.26364165
5001450.30477597,0.18005218,0.26364119
5051464.80782373,0.18005207,0.26364074
5101979.45590196,0.18005196,0.26364030
5152999.25046098,0.18005185,0.26363986
5204529.24296559,0.18005175,0.26363942
5256574.53539525,0.18005164,0.26363899
5309140.28074920,0.18005154,0.26363856
5362231.68355669,0.18005143,0.26363813
5415854.00039226,0.18005133,0.26363771
5470012.54039618,0.18005123,0.26363730
5524712.66580015,0.18005113,0.26363688
5579959.79245815,0.18005103,0.26363648
5635759.39038273,0.18005093,0.26363607
5692116.98428656,0.18005083,0.26363567
5749038.15412942,0.18005073,0.26363528
5806528.53567072,0.18005064,0.26363488
5864593.82102742,0.18005054,0.26363450
5923239.75923770,0.18005045,0.26363411
5982472.15683007,0.18005036,0.26363373
6042296.87839837,0.18005026,0.26363335
6102719.84718236,0.18005017,0.26363298
6163747.04565418,0.18005008,0.26363261
6225384.51611072,0.18004999,0.26363225
6287638.36127183,0.18004991,0.26363188
6350514.74488455,0.18004982,0.26363153
6414019.89233339,0.18004973,0.26363117
6478160.09125673,0.18004965,0.26363082
6542941.69216930,0.18004956,0.26363047
6608371.10909099,0.18004948,0.26363013
6674454.82018190,0.18004939,0.26362979
6741199.36838372,0.18004931,0.26362945
6808611.36206756,0.18004923,0.26362911
6876697.47568823,0.18004915,0.26362878
6945464.45044511,0.18004907,0.26362846
7014919.09494956,0.18004899,0.26362813
7085068.28589906,0.18004891,0.26362781
7155918.96875805,0.18004883,0.26362749
7227478.15844563,0.18004875,0.26362718
7299752.94003009,0.18004868,0.26362687
7372750.46943039,0.18004860,0.26362656
7446477.97412469,0.18004853,0.26362625
7520942.75386594,0.18004845,0.26362595
7596152.18140460,0.18004838,0.26362565
7672113.70321865,0.18004831,0.26362535
7748834.84025083,0.18004824,0.26362506
7826323.18865334,0.18004817,0.26362477
7904586.42053987,0.18004810,0.26362448
7983632.28474527,0.18004803,0.26362420
8063468.60759273,0.18004796,0.26362391
8144103.29366865,0.18004789,0.26362363
8225544.32660534,0.18004782,0.26362336
8307799.76987139,0.18004775,0.26362308
8390877.76757011,0.18004769,0.26362281
8474786.54524581,0.18004762,0.26362254
8559534.41069827,0.18004756,0.26362228
8645129.75480525,0.18004749,0.26362201
8731581.05235330,0.18004743,0.26362175
8818896.86287683,0.18004737,0.26362150
8907085.83150560,0.18004730,0.26362124
8996156.68982066,0.18004724,0.26362099
9086118.25671886,0.18004718,0.26362074
9176979.43928605,0.18004712,0.26362049
9268749.23367891,0.18004706,0.26362024
9361436.72601570,0.18004700,0.26362000
9455051.09327586,0.18004694,0.26361976
9549601.60420862,0.18004688,0.26361952
9645097.62025070,0.18004683,0.26361929
9741548.59645321,0.18004677,0.26361905
9838964.08241774,0.18004671,0.26361882
9937353.72324192,0.18004666,0.26361859
10036727.26047434,0.18004660,0.26361837
10137094.53307908,0.18004655,0.26361814
10238465.47840988,0.18004649,0.26361792
10340850.13319397,0.18004644,0.26361770
10444258.63452591,0.18004638,0.26361748
10548701.22087117,0.18004633,0.26361727
10654188.23307988,0.18004628,0.26361705
10760730.11541068,0.18004623,0.26361684
10868337.41656479,0.18004618,0.26361663
10977020.79073044,0.18004613,0.26361642
11086790.99863774,0.18004608,0.26361622
11197658.90862412,0.18004603,0.26361602
11309635.49771036,0.18004598,0.26361581
11422731.85268747,0.18004593,0.26361562
11536959.17121434,0.18004588,0.26361542
11652328.76292648,0.18004583,0.26361522
11768852.05055575,0.18004578,0.26361503
11886540.57106131,0.18004574,0.26361484
12005405.97677192,0.18004569,0.26361465
12125460.03653964,0.18004565,0.26361446
12246714.63690504,0.18004560,0.26361428
12369181.78327409,0.18004556,0.26361409
12492873.60110683,0.18004551,0.26361391
12617802.33711790,0.18004547,0.26361373
12743980.36048908,0.18004542,0.26361355
12871420.16409397,0.18004538,0.26361337
13000134.36573491,0.18004534,0.26361320
13130135.70939226,0.18004529,0.26361303
13261437.06648618,0.18004525,0.26361285
13394051.43715104,0.18004521,0.26361268
13527991.95152255,0.18004517,0.26361252
13663271.87103778,0.18004513,0.26361235
13799904.58974815,0.18004509,0.26361219
13937903.63564564,0.18004505,0.26361202
14077282.67200209,0.18004501,0.26361186
14218055.49872211,0.18004497,0.26361170
14360236.05370934,0.18004493,0.26361154
14503838.41424643,0.18004489,0.26361139
14648876.79838889,0.18004486,0.26361123
14795365.56637278,0.18004482,0.26361108
14943319.22203651,0.18004478,0.26361092
15092752.41425688,0.18004474,0.26361077
15243679.93839945,0.18004471,0.26361062
15396116.73778344,0.18004467,0.26361048
15550077.90516127,0.18004464,0.26361033
15705578.68421289,0.18004460,0.26361019
15862634.47105502,0.18004457,0.26361004
16021260.81576557,0.18004453,0.26360990
16181473.42392322,0.18004450,0.26360976
16343288.15816245,0.18004446,0.26360962
16506721.03974408,0.18004443,0.26360948
16671788.25014152,0.18004440,0.26360935
16838506.13264294,0.18004436,0.26360921
17006891.19396937,0.18004433,0.26360908
17176960.10590906,0.18004430,0.26360895
17348729.70696815,0.18004427,0.26360881
17522217.00403783,0.18004423,0.26360868
17697439.17407821,0.18004420,0.26360856
17874413.56581900,0.18004417,0.26360843
18053157.70147718,0.18004414,0.26360830
18233689.27849196,0.18004411,0.26360818
18416026.17127687,0.18004408,0.26360805
18600186.43298964,0.18004405,0.26360793
18786188.29731954,0.18004402,0.26360781
18974050.18029273,0.18004399,0.26360769
19163790.68209566,0.18004396,0.26360757
19355428.58891662,0.18004393,0.26360746
19548982.87480579,0.18004390,0.26360734
19744472.70355384,0.18004388,0.26360722
19941917.43058938,0.18004385,0.26360711
20141336.60489528,0.18004382,0.26360700
20342749.97094423,0.18004379,0.26360689
20546177.47065367,0.18004377,0.26360677
20751639.24536021,0.18004374,0.26360667
20959155.63781381,0.18004371,0.26360656
21168747.19419195,0.18004369,0.26360645
21380434.66613387,0.18004366,0.26360634
21594239.01279521,0.18004364,0.26360624
21810181.40292316,0.18004361,0.26360613
22028283.21695239,0.18004358,0.26360603
22248566.04912192,0.18004356,0.26360593
22471051.70961314,0.18004353,0.26360583
22695762.22670927,0.18004351,0.26360573
22922719.84897636,0.18004349,0.26360563
23151947.04746613,0.18004346,0.26360553
23383466.51794079,0.18004344,0.26360543
23617301.18312019,0.18004341,0.26360534
23853474.19495140,0.18004339,0.26360524
24092008.93690091,0.18004337,0.26360515
24332929.02626992,0.18004335,0.26360505
24576258.31653262,0.18004332,0.26360496
24822020.89969794,0.18004330,0.26360487
25070241.10869493,0.18004328,0.26360478
25320943.51978188,0.18004326,0.26360469
25574152.95497970,0.18004323,0.26360460
25829894.48452949,0.18004321,0.26360451
26088193.42937479,0.18004319,0.26360442
26349075.36366853,0.18004317,0.26360434
26612566.11730522,0.18004315,0.26360425
26878691.77847827,0.18004313,0.26360417
27147478.69626306,0.18004311,0.26360408
27418953.48322569,0.18004309,0.26360400
27693143.01805795,0.18004307,0.26360392
27970074.44823853,0.18004305,0.26360384
28249775.19272091,0.18004303,0.26360376
28532272.94464812,0.18004301,0.26360368
28817595.67409460,0.18004299,0.26360360
29105771.63083555,0.18004297,0.26360352
29396829.34714390,0.18004295,0.26360344
29690797.64061534,0.18004293,0.26360337
29987705.61702150,0.18004292,0.26360329
30287582.67319171,0.18004290,0.26360322
30590458.49992363,0.18004288,0.26360314
30896363.08492287,0.18004286,0.26360307
31205326.71577209,0.18004284,0.26360299
31517379.98292981,0.18004283,0.26360292
31832553.78275911,0.18004281,0.26360285
32150879.32058670,0.18004279,0.26360278
32472388.11379257,0.18004277,0.26360271
32797111.99493050,0.18004276,0.26360264
33125083.11487980,0.18004274,0.26360257
33456333.94602860,0.18004272,0.26360250
33790897.28548889,0.18004271,0.26360244
34128806.25834378,0.18004269,0.26360237
34470094.32092722,0.18004267,0.26360230
34814795.26413649,0.18004266,0.26360224
35162943.21677786,0.18004264,0.26360217
35514572.64894564,0.18004263,0.26360211
35869718.37543509,0.18004261,0.26360205
36228415.55918945,0.18004260,0.26360198
36590699.71478134,0.18004258,0.26360192
36956606.71192916,0.18004257,0.26360186
37326172.77904845,0.18004255,0.26360180
37699434.50683893,0.18004254,0.26360174
38076428.85190732,0.18004252,0.26360168
38457193.14042640,0.18004251,0.26360162
38841765.07183066,0.18004249,0.26360156
39230182.72254897,0.18004248,0.26360150
39622484.54977446,0.18004246,0.26360145
40018709.39527220,0.18004245,0.26360139
40418896.48922493,0.18004244,0.26360133
40823085.45411718,0.18004242,0.26360128
41231316.30865835,0.18004241,0.26360122
41643629.47174494,0.18004240,0.26360117
42060065.76646239,0.18004238,0.26360111
42480666.42412702,0.18004237,0.26360106
42905473.08836829,0.18004236,0.26360101
43334527.81925197,0.18004234,0.26360096
43767873.09744449,0.18004233,0.26360090
44205551.82841893,0.18004232,0.26360085
44647607.34670312,0.18004231,0.26360080
45094083.42017015,0.18004229,0.26360075
45545024.25437185,0.18004228,0.26360070
46000474.49691557,0.18004227,0.26360065
46460479.24188473,0.18004226,0.26360060
46925084.03430358,0.18004225,0.26360055
47394334.87464661,0.18004223,0.26360051
47868278.22339308,0.18004222,0.26360046
48346961.00562701,0.18004221,0.26360041
48830430.61568328,0.18004220,0.26360036
49318734.92184012,0.18004219,0.26360032
49811922.27105851,0.18004218,0.26360027
50310041.49376910,0.18004217,0.26360023
50813141.90870679,0.18004216,0.26360018
51321273.32779386,0.18004214,0.26360014
51834486.06107180,0.18004213,0.26360010
52352830.92168251,0.18004212,0.26360005
52876359.23089934,0.18004211,0.26360001
53405122.82320833,0.18004210,0.26359997
53939174.05144042,0.18004209,0.26359992
54478565.79195482,0.18004208,0.26359988
55023351.44987437,0.18004207,0.26359984
55573584.96437312,0.18004206,0.26359980
56129320.81401685,0.18004205,0.26359976
56690614.02215702,0.18004204,0.26359972
57257520.16237859,0.18004203,0.26359968
57830095.36400238,0.18004202,0.26359964
58408396.31764241,0.18004201,0.26359960
58992480.28081883,0.18004200,0.26359956
59582405.08362702,0.18004199,0.26359952
60178229.13446329,0.18004199,0.26359949
60780011.42580792,0.18004198,0.26359945
61387811.54006600,0.18004197,0.26359941
62001689.65546666,0.18004196,0.26359938
62621706.55202132,0.18004195,0.26359934
63247923.61754154,0.18004194,0.26359930
63880402.85371695,0.18004193,0.26359927
64519206.88225412,0.18004192,0.26359923
65164398.95107666,0.18004191,0.26359920
65816042.94058743,0.18004191,0.26359916
66474203.36999331,0.18004190,0.26359913
67138945.40369324,0.18004189,0.26359910
67810334.85773018,0.18004188,0.26359906
68488438.20630749,0.18004187,0.26359903
69173322.58837056,0.18004187,0.26359900
69865055.81425427,0.18004186,0.26359896
70563706.37239681,0.18004185,0.26359893
71269343.43612078,0.18004184,0.26359890
71982036.87048198,0.18004183,0.26359887
72701857.23918681,0.18004183,0.26359884
73428875.81157868,0.18004182,0.26359881
74163164.56969446,0.18004181,0.26359877
74904796.21539140,0.18004180,0.26359874
75653844.17754531,0.18004180,0.26359871
76410382.61932077,0.18004179,0.26359868
77174486.44551398,0.18004178,0.26359866
77946231.30996911,0.18004178,0.26359863
78725693.62306881,0.18004177,0.26359860
79512950.55929950,0.18004176,0.26359857
80308080.06489250,0.18004175,0.26359854
81111160.86554143,0.18004175,0.26359851
81922272.47419684,0.18004174,0.26359848
82741495.19893880,0.18004173,0.26359846
83568910.15092818,0.18004173,0.26359843
84404599.25243747,0.18004172,0.26359840
85248645.24496184,0.18004171,0.26359838
86101131.69741146,0.18004171,0.26359835
86962143.01438558,0.18004170,0.26359832
87831764.44452944,0.18004169,0.26359830
88710082.08897474,0.18004169,0.26359827
89597182.90986449,0.18004168,0.26359825
90493154.73896313,0.18004168,0.26359822
91398086.28635275,0.18004167,0.26359820
92312067.14921628,0.18004166,0.26359817
93235187.82070844,0.18004166,0.26359815
94167539.69891553,0.18004165,0.26359812
95109215.09590468,0.18004165,0.26359810
96060307.24686372,0.18004164,0.26359808
97020910.31933236,0.18004163,0.26359805
97991119.42252569,0.18004163,0.26359803
98971030.61675094,0.18004162,0.26359801
99960740.92291845,0.18004162,0.26359798
100960348.33214764,0.18004161,0.26359796
